 New York, United States, 40.694300, -73.924900
 Mexico City, Mexico, 19.442400, -99.131000
 Manila, Philippines, 14.604200, 120.982200
 Mumbai, India, 19.017000, 72.857000
